State_Num,County_Num,Jan,Feb,Mar,Apr,May,Jun,Jul,Aug,Sep,Oct,Nov,Dec,Yearly_Precip
30,61,3.3965079365079367,3.215079365079365,4.022222222222222,3.841190476190476,3.923174603174603,3.7054761904761904,4.391904761904762,4.303809523809524,3.6497619047619048,3.4742063492063493,3.416031746031746,3.6376190476190478,44.97698412698413
